title,cuisine,meal_type,servings,prepTime,cookingTime,difficulty,calories,image,description,dietary_tags,ingredients,instructions
Mohinga (Rice Noodle & Fish Broth),Myanmar,breakfast,4,25,50,Hard,,,"Myanmar’s iconic fish broth with rice noodles, thickened lightly and finished with fresh toppings.","[""pescatarian""]","[{""name"":""Rice vermicelli noodles"",""amount"":""600 g""},{""name"":""Fish (catfish or firm white fish)"",""amount"":""400 g""},{""name"":""Onion"",""amount"":""1 large, sliced""},{""name"":""Garlic"",""amount"":""6 cloves""},{""name"":""Ginger"",""amount"":""2-inch piece""},{""name"":""Lemongrass"",""amount"":""2 stalks, bruised""},{""name"":""Banana stem (optional)"",""amount"":""1 cup, thinly sliced""},{""name"":""Toasted rice flour"",""amount"":""3 tbsp""},{""name"":""Turmeric"",""amount"":""1 tsp""},{""name"":""Fish sauce"",""amount"":""2–3 tbsp""},{""name"":""Chickpea flour (optional)"",""amount"":""1–2 tbsp""},{""name"":""Boiled eggs"",""amount"":""4""},{""name"":""Cilantro"",""amount"":""1 handful""},{""name"":""Lime"",""amount"":""1–2""}]","[""Simmer fish with lemongrass and a pinch of salt until cooked. Lift fish out, cool, then flake and remove bones."",""In a pot, sauté onion, garlic, ginger, and turmeric until fragrant. Add banana stem if using and cook until slightly softened."",""Pour in the fish simmering liquid (strain if you want it smooth). Add flaked fish back to the pot."",""Whisk toasted rice flour with a little broth, then stir into the pot to lightly thicken. Simmer 10–15 minutes, stirring occasionally."",""Season with fish sauce and lime to balance. If you want it thicker, whisk in chickpea flour mixed with water and simmer briefly."",""Serve over rice noodles. Top with egg, cilantro, extra lime, and optional chili oil.""]"
Laphet Thoke (Tea Leaf Salad),Myanmar,salad,4,20,0,Easy,,,"A bright, crunchy salad built around fermented tea leaves and a mix of nuts, beans, and aromatics.","[]","[{""name"":""Fermented tea leaves (laphet)"",""amount"":""4–5 tbsp""},{""name"":""Cabbage"",""amount"":""2 cups, shredded""},{""name"":""Tomato"",""amount"":""1 cup, diced""},{""name"":""Roasted peanuts"",""amount"":""1/2 cup""},{""name"":""Fried beans (or roasted chickpeas)"",""amount"":""1/2 cup""},{""name"":""Toasted sesame seeds"",""amount"":""2 tbsp""},{""name"":""Fried garlic chips"",""amount"":""2 tbsp""},{""name"":""Lime juice"",""amount"":""2 tbsp""},{""name"":""Fish sauce (or soy sauce)"",""amount"":""1–2 tbsp""},{""name"":""Neutral oil"",""amount"":""1 tbsp""},{""name"":""Green chili (optional)"",""amount"":""1, sliced""}]","[""In a bowl, loosen the tea leaves with oil and a squeeze of lime so they distribute evenly."",""Add cabbage and tomato. Toss gently so the tea leaves coat the vegetables."",""Season with fish sauce (or soy) and adjust acidity with more lime."",""Fold in peanuts, beans, sesame, and garlic chips right before serving to keep them crunchy."",""Finish with sliced chili if you like heat.""]"
Ohn No Khao Swe (Coconut Chicken Noodles),Myanmar,dinner,4,20,35,Medium,,,"Creamy coconut chicken noodle soup, comforting and aromatic with garlic, onion, and warm spices.","[]","[{""name"":""Egg noodles"",""amount"":""500 g""},{""name"":""Chicken thigh"",""amount"":""500 g, bite-size""},{""name"":""Onion"",""amount"":""1 large, diced""},{""name"":""Garlic"",""amount"":""5 cloves""},{""name"":""Ginger"",""amount"":""1.5-inch piece""},{""name"":""Coconut milk"",""amount"":""400 ml""},{""name"":""Chicken stock or water"",""amount"":""700 ml""},{""name"":""Turmeric"",""amount"":""1 tsp""},{""name"":""Paprika or chili powder"",""amount"":""1/2 tsp""},{""name"":""Fish sauce"",""amount"":""2 tbsp""},{""name"":""Lime"",""amount"":""1""},{""name"":""Cilantro"",""amount"":""1 handful""}]","[""Sauté onion, garlic, and ginger until soft. Stir in turmeric and paprika."",""Add chicken and cook until lightly browned."",""Pour in stock and coconut milk. Simmer until chicken is tender and broth tastes rich."",""Season with fish sauce and a squeeze of lime."",""Cook noodles separately, then serve noodles topped with the coconut chicken broth and cilantro.""]"
Shan Noodles (Rice Noodles with Tomato-Chicken Sauce),Myanmar,dinner,4,20,30,Medium,,,Silky rice noodles tossed with a savory tomato-based sauce and topped with crunchy aromatics.,"[]","[{""name"":""Rice noodles"",""amount"":""600 g""},{""name"":""Chicken mince"",""amount"":""300 g""},{""name"":""Tomato"",""amount"":""3 medium, chopped""},{""name"":""Onion"",""amount"":""1 medium""},{""name"":""Garlic"",""amount"":""5 cloves""},{""name"":""Soy sauce"",""amount"":""1–2 tbsp""},{""name"":""Fish sauce"",""amount"":""1 tbsp""},{""name"":""Paprika or chili flakes"",""amount"":""1/2 tsp""},{""name"":""Neutral oil"",""amount"":""2 tbsp""},{""name"":""Cilantro"",""amount"":""1 handful""},{""name"":""Fried garlic or shallots"",""amount"":""2 tbsp""}]","[""Blend or finely chop tomato, onion, and garlic. Cook with oil until it reduces into a thick sauce."",""Add chicken mince and break it up. Simmer until cooked through and the sauce is glossy."",""Season with soy, fish sauce, and chili to taste."",""Cook rice noodles and drain. Toss with the sauce and a splash of hot water if needed."",""Serve topped with cilantro and fried garlic/shallots.""]"
Nan Gyi Thoke (Thick Rice Noodle Salad),Myanmar,dinner,4,25,20,Medium,,,A hearty noodle salad with warm chicken gravy-style dressing and fresh toppings.,"[]","[{""name"":""Thick rice noodles"",""amount"":""600 g""},{""name"":""Chicken (shredded)"",""amount"":""350 g""},{""name"":""Chickpea flour"",""amount"":""3 tbsp""},{""name"":""Turmeric"",""amount"":""1 tsp""},{""name"":""Onion"",""amount"":""1 medium""},{""name"":""Garlic"",""amount"":""4 cloves""},{""name"":""Fish sauce"",""amount"":""1–2 tbsp""},{""name"":""Lime"",""amount"":""1""},{""name"":""Cilantro"",""amount"":""1 handful""},{""name"":""Boiled eggs"",""amount"":""2–4""}]","[""Sauté onion and garlic until fragrant. Stir in turmeric."",""Add shredded chicken and a cup of water or stock. Simmer 5 minutes."",""Whisk chickpea flour with water, then stir into the pot to make a light gravy. Simmer until slightly thick."",""Cook noodles and rinse briefly. Toss noodles with the warm chicken dressing."",""Finish with fish sauce and lime. Top with cilantro and egg.""]"
Burmese Tofu Thoke (Chickpea Tofu Salad),Myanmar,salad,4,15,0,Easy,,,Soft chickpea tofu tossed with tangy dressing and crunchy toppings.,"[""vegetarian"",""gluten-free""]","[{""name"":""Chickpea tofu (shan tofu)"",""amount"":""400 g, cubed""},{""name"":""Cucumber"",""amount"":""1 cup, sliced""},{""name"":""Tomato"",""amount"":""1 cup, diced""},{""name"":""Lime juice"",""amount"":""2 tbsp""},{""name"":""Soy sauce"",""amount"":""1–2 tbsp""},{""name"":""Garlic"",""amount"":""2 cloves, grated""},{""name"":""Chili flakes"",""amount"":""to taste""},{""name"":""Roasted peanuts"",""amount"":""1/3 cup""},{""name"":""Cilantro"",""amount"":""1 handful""}]","[""Whisk lime, soy sauce, garlic, and chili into a punchy dressing."",""Toss tofu, cucumber, and tomato with the dressing gently so tofu stays intact."",""Top with peanuts and cilantro and serve chilled.""]"
Hta-Min Thoke (Rice Salad),Myanmar,lunch,4,15,0,Easy,,,Cold rice salad with a savory-tangy dressing and crunchy add-ins; great for using leftover rice.,"[]","[{""name"":""Cooked rice (cooled)"",""amount"":""4 cups""},{""name"":""Onion"",""amount"":""1/2 cup, thinly sliced""},{""name"":""Tomato"",""amount"":""1 cup, diced""},{""name"":""Lime juice"",""amount"":""2 tbsp""},{""name"":""Fish sauce (or soy sauce)"",""amount"":""1–2 tbsp""},{""name"":""Roasted peanuts"",""amount"":""1/3 cup""},{""name"":""Sesame seeds"",""amount"":""1 tbsp""},{""name"":""Cilantro"",""amount"":""1 handful""}]","[""Fluff cooled rice so grains separate."",""Mix lime juice with fish sauce (or soy). Pour over rice and toss."",""Fold in onion and tomato, then top with peanuts, sesame, and cilantro."",""Adjust saltiness and sourness to taste.""]"
Kyay Oh (Clear Pork & Noodle Soup),Myanmar,dinner,4,25,35,Medium,,,"A clean, peppery noodle soup with pork meatballs and greens.","[]","[{""name"":""Rice noodles or wheat noodles"",""amount"":""500 g""},{""name"":""Minced pork"",""amount"":""400 g""},{""name"":""Garlic"",""amount"":""4 cloves""},{""name"":""White pepper"",""amount"":""1 tsp""},{""name"":""Fish sauce"",""amount"":""2 tbsp""},{""name"":""Chicken stock"",""amount"":""1.5 L""},{""name"":""Leafy greens (bok choy)"",""amount"":""2 cups""},{""name"":""Scallions"",""amount"":""2, chopped""}]","[""Mix minced pork with grated garlic, white pepper, and a pinch of salt. Form small meatballs."",""Bring stock to a gentle simmer and cook meatballs until they float and are cooked through."",""Season broth with fish sauce and extra pepper to taste."",""Cook noodles separately. Add greens to broth for 1–2 minutes to wilt."",""Serve noodles in bowls, ladle broth, meatballs, greens, and top with scallions.""]"
Balachaung Fried Rice (Shrimp Chili Floss),Myanmar,lunch,3,15,15,Easy,,,Quick fried rice boosted with spicy-savory balachaung; ideal for a fast meal.,"[]","[{""name"":""Cooked rice (day-old)"",""amount"":""3 cups""},{""name"":""Balachaung"",""amount"":""2–3 tbsp""},{""name"":""Eggs"",""amount"":""2""},{""name"":""Garlic"",""amount"":""3 cloves""},{""name"":""Soy sauce"",""amount"":""1 tbsp""},{""name"":""Scallions"",""amount"":""2, chopped""},{""name"":""Oil"",""amount"":""2 tbsp""}]","[""Sauté garlic in oil briefly, then scramble eggs in the same pan and set aside."",""Add rice and stir-fry until hot and separated."",""Stir in balachaung and soy sauce; mix evenly."",""Fold back in eggs and finish with scallions.""]"
Burmese Curry Chicken (Hin),Myanmar,dinner,4,15,45,Medium,,,"A rich, slow-cooked curry where oil separates slightly at the end—classic Myanmar curry style.","[]","[{""name"":""Chicken pieces"",""amount"":""800 g""},{""name"":""Onion"",""amount"":""2 medium, sliced""},{""name"":""Garlic"",""amount"":""6 cloves""},{""name"":""Ginger"",""amount"":""2-inch piece""},{""name"":""Turmeric"",""amount"":""1 tsp""},{""name"":""Curry powder"",""amount"":""1–2 tbsp""},{""name"":""Fish sauce"",""amount"":""2 tbsp""},{""name"":""Oil"",""amount"":""4 tbsp""},{""name"":""Water"",""amount"":""1 cup""}]","[""Blend onion, garlic, and ginger to a coarse paste."",""Cook the paste in oil over medium heat until it darkens slightly and smells sweet."",""Stir in turmeric and curry powder, then add chicken and coat well."",""Add water, cover, and simmer until chicken is tender. Stir occasionally so it doesn’t stick."",""Season with fish sauce. Simmer uncovered the last 5–10 minutes until the curry looks glossy.""]"

Rakhine Rice Noodle with Fish Soup,Myanmar,lunch,4,30,40,Medium,,,A spicy and savory rice noodle soup from Rakhine State featuring thin rice noodles in a fragrant fish broth with aromatics and herbs.,"[""pescatarian""]","[{""name"":""Thin rice vermicelli noodles"",""amount"":""500 g""},{""name"":""White fish (pike-conger or firm white fish)"",""amount"":""400 g""},{""name"":""Ginger"",""amount"":""2 inch piece""},{""name"":""Garlic"",""amount"":""8 cloves""},{""name"":""Shrimp paste (ngapi)"",""amount"":""2 tbsp""},{""name"":""Black pepper"",""amount"":""1 tsp""},{""name"":""Galangal"",""amount"":""1 tbsp, pounded""},{""name"":""Onion"",""amount"":""1 medium, sliced""},{""name"":""Lime or tamarind juice"",""amount"":""2 tbsp""},{""name"":""Cilantro"",""amount"":""1 handful""}]","[""Boil the fish with ginger until cooked; debone and reserve the broth."",""Strain the broth and add shrimp paste, black pepper, garlic, and galangal; simmer to infuse flavor."",""Cook the rice noodles until tender and drain."",""Place the noodles in bowls and ladle the hot fish broth over them."",""Top with sliced onion, cilantro, and lime or tamarind juice to taste.""]"
Rakhine Spicy Rice Salad,Myanmar,salad,4,25,15,Medium,,,"A bold and spicy rice salad from Rakhine State made with flaked fish, chili, garlic, and fresh herbs, known for its vibrant heat and savory depth.","[""pescatarian"",""spicy""]","[{""name"":""Cooked rice (preferably day-old)"",""amount"":""4 cups""},{""name"":""White fish (boiled and flaked)"",""amount"":""300 g""},{""name"":""Garlic"",""amount"":""6 cloves, minced""},{""name"":""Dried red chili flakes"",""amount"":""1–2 tbsp""},{""name"":""Fish sauce"",""amount"":""2–3 tbsp""},{""name"":""Lime juice"",""amount"":""2 tbsp""},{""name"":""Shallots"",""amount"":""2, thinly sliced""},{""name"":""Cilantro"",""amount"":""1 handful, chopped""},{""name"":""Roasted peanuts (optional)"",""amount"":""1/3 cup""},{""name"":""Oil"",""amount"":""2 tbsp""}]","[""Heat oil in a pan and sauté garlic until golden and fragrant."",""Add chili flakes and stir briefly to release aroma, being careful not to burn."",""In a large bowl, combine cooked rice and flaked fish."",""Pour the garlic-chili oil over the rice mixture and mix well."",""Season with fish sauce and lime juice, adjusting to taste."",""Fold in shallots and cilantro."",""Top with roasted peanuts if desired and serve at room temperature.""]"
Vermicelli with Chicken Soup,Myanmar,breakfast,4,20,45,Easy,,,"A comforting and light vermicelli noodle soup made with tender chicken, clear aromatic broth, and fresh herbs.","[""halal""]","[{""name"":""Rice vermicelli noodles"",""amount"":""500 g""},{""name"":""Chicken (bone-in pieces or whole small chicken)"",""amount"":""600 g""},{""name"":""Onion"",""amount"":""1 large, quartered""},{""name"":""Garlic"",""amount"":""5 cloves, crushed""},{""name"":""Ginger"",""amount"":""2-inch piece, sliced""},{""name"":""Salt"",""amount"":""to taste""},{""name"":""Black pepper"",""amount"":""1 tsp""},{""name"":""Fish sauce (optional)"",""amount"":""1–2 tbsp""},{""name"":""Cilantro"",""amount"":""1 handful, chopped""},{""name"":""Green onions"",""amount"":""2 stalks, sliced""},{""name"":""Lime"",""amount"":""1–2, cut into wedges""}]","[""In a large pot, add chicken, onion, garlic, ginger, and enough water to cover. Bring to a boil, then reduce to a gentle simmer."",""Skim off any foam and simmer for about 30–35 minutes until chicken is fully cooked and tender."",""Remove the chicken, shred or chop into bite-sized pieces, and return to the broth."",""Season the broth with salt, black pepper, and fish sauce if using."",""Cook vermicelli noodles separately according to package instructions and drain."",""Place noodles into serving bowls and ladle hot chicken soup over them."",""Garnish with cilantro, green onions, and serve with lime wedges.""]"
Ngar-Phal Ahsar Thut (Stuffed Featherback Fish),Myanmar,salad,4,40,30,Hard,,,"Featherback fish paste stuffed with seasoned filling, steamed or fried until firm and flavorful.","[""pescatarian""]","[{""name"":""Featherback fish paste"",""amount"":""500 g""},{""name"":""Garlic"",""amount"":""4 cloves""},{""name"":""Shallots"",""amount"":""2""},{""name"":""Fish sauce"",""amount"":""1 tbsp""},{""name"":""Pepper"",""amount"":""1 tsp""},{""name"":""Oil"",""amount"":""for frying""}]","[""Mix fish paste with seasonings."",""Shape and stuff with filling if desired."",""Steam or deep fry until firm and golden."",""Serve hot with dipping sauce.""]"
Spicy Anchovy Salad,Myanmar,salad,4,20,5,Easy,,,"A bold and spicy Burmese salad made with dried anchovies, onions, and chili.","[""spicy""]","[{""name"":""Dried anchovies"",""amount"":""1 cup""},{""name"":""Onion"",""amount"":""1, sliced""},{""name"":""Chili flakes"",""amount"":""1 tbsp""},{""name"":""Lime juice"",""amount"":""2 tbsp""},{""name"":""Fish sauce"",""amount"":""1 tbsp""}]","[""Lightly fry anchovies until crispy."",""Mix with onion, chili, lime juice, and fish sauce."",""Serve immediately.""]"
Rakhine Rice Salad,Myanmar,salad,4,25,15,Medium,,,"A spicy Rakhine-style rice salad mixed with fish, garlic oil, and chili.","[""spicy"",""pescatarian""]","[{""name"":""Cooked rice"",""amount"":""4 cups""},{""name"":""Boiled fish"",""amount"":""300 g""},{""name"":""Garlic"",""amount"":""6 cloves""},{""name"":""Chili powder"",""amount"":""1 tbsp""},{""name"":""Fish sauce"",""amount"":""2 tbsp""},{""name"":""Oil"",""amount"":""2 tbsp""}]","[""Fry garlic in oil until golden."",""Mix rice with flaked fish."",""Add chili, fish sauce, and garlic oil."",""Mix thoroughly and serve.""]"
Spicy Rakhine Fish Curry,Myanmar,dinner,4,20,35,Medium,,,"A fiery Rakhine fish curry cooked with chili, garlic, and traditional spices.","[""spicy"",""pescatarian""]","[{""name"":""Fish pieces"",""amount"":""500 g""},{""name"":""Chili paste"",""amount"":""2 tbsp""},{""name"":""Garlic"",""amount"":""6 cloves""},{""name"":""Turmeric"",""amount"":""1 tsp""},{""name"":""Fish sauce"",""amount"":""2 tbsp""}]","[""Sauté garlic and chili paste."",""Add fish and turmeric."",""Simmer gently until fish is cooked through."",""Season and serve hot.""]"
Rakhine Style Pounded Seafood Salad,Myanmar,salad,4,30,10,Medium,,,"A spicy pounded seafood salad with shrimp, squid, and bold Rakhine flavors.","[""spicy"",""pescatarian""]","[{""name"":""Shrimp"",""amount"":""200 g""},{""name"":""Squid"",""amount"":""200 g""},{""name"":""Garlic"",""amount"":""4 cloves""},{""name"":""Chili"",""amount"":""1–2 tbsp""},{""name"":""Lime juice"",""amount"":""2 tbsp""},{""name"":""Fish sauce"",""amount"":""2 tbsp""}]","[""Boil seafood until cooked and drain."",""Pound garlic and chili together."",""Mix seafood with pounded mixture, lime, and fish sauce."",""Serve fresh.""]"
Rakhine Style Hot & Sour Fish Soup,Myanmar,dinner,4,25,30,Medium,,,A tangy and spicy Rakhine fish soup balanced with tamarind and chili.,"[""spicy"",""pescatarian""]","[{""name"":""Fish chunks"",""amount"":""400 g""},{""name"":""Tamarind juice"",""amount"":""2 tbsp""},{""name"":""Garlic"",""amount"":""5 cloves""},{""name"":""Chili paste"",""amount"":""1–2 tbsp""},{""name"":""Fish sauce"",""amount"":""2 tbsp""}]","[""Boil fish with garlic."",""Add tamarind juice and chili paste."",""Simmer until fish is tender."",""Season and serve hot.""]"
Lemon Salad,Myanmar,salad,4,15,0,Easy,,,"A refreshing Burmese citrus salad made with thinly sliced lemon, onions, and a savory-spicy dressing.","[""vegan"",""spicy""]","[{""name"":""Lemon (thinly sliced, seeds removed)"",""amount"":""2 large""},{""name"":""Red onion"",""amount"":""1 small, thinly sliced""},{""name"":""Chili flakes"",""amount"":""1 tsp""},{""name"":""Salt"",""amount"":""1/2 tsp""},{""name"":""Sugar"",""amount"":""1 tsp""},{""name"":""Sesame oil"",""amount"":""1 tsp""},{""name"":""Roasted peanuts"",""amount"":""2 tbsp""}]","[""Thinly slice lemons and remove seeds carefully."",""Mix with onion, salt, sugar, and chili flakes."",""Drizzle sesame oil and toss gently."",""Top with roasted peanuts and serve fresh.""]"
Rakhine Squid Salad,Myanmar,salad,4,30,10,Medium,,,"A bold and tangy Rakhine-style squid salad tossed with fermented shrimp paste, fresh herbs, and chili for a distinctive hot and sour flavor.","[""spicy"",""pescatarian""]","[{""name"":""Squid (cleaned)"",""amount"":""500 g""},{""name"":""Raw shrimp paste (ngapi)"",""amount"":""1 tbsp""},{""name"":""Cucumber"",""amount"":""1 cup, thinly sliced""},{""name"":""Garlic"",""amount"":""4 cloves""},{""name"":""Onion"",""amount"":""1 medium, sliced""},{""name"":""Shrimp fish sauce"",""amount"":""1–2 tbsp""},{""name"":""Green chili"",""amount"":""2–3, roasted""},{""name"":""Cilantro"",""amount"":""1 handful""},{""name"":""Lime juice"",""amount"":""2 tbsp""},{""name"":""Black pepper"",""amount"":""1/2 tsp""},{""name"":""Salt"",""amount"":""for cleaning""}]","[""Clean the squid thoroughly. Rub with salt and rinse several times until fully clean, then drain well."",""Heat a pan over high heat and quickly sear the squid just until firm and slightly tightened. Remove and let cool."",""Continue simmering the remaining squid juices in the pan until slightly reduced, then set aside."",""In a mortar, pound roasted green chilies and garlic together with raw shrimp paste."",""In a bowl, combine the squid, cucumber, onion, pounded mixture, and reduced squid juices."",""Add lime juice and shrimp fish sauce to balance seasoning."",""Garnish with cilantro and black pepper, toss well, and serve fresh.""]"
Kyauk Kyaw (Coconut Jelly),Myanmar,dessert,6,15,25,Easy,,,"A classic Burmese coconut jelly dessert made with agar powder, coconut milk, and sugar, set until firm and sliced into pieces.","[""vegetarian"",""gluten-free""]","[{""name"":""Agar powder (kyauk kyaw powder)"",""amount"":""25 g""},{""name"":""Sugar"",""amount"":""125 g""},{""name"":""Coconut milk"",""amount"":""400 ml""},{""name"":""Water"",""amount"":""1500 ml""},{""name"":""Salt"",""amount"":""1/4 tsp""}]","[""Prepare a tray or mold for setting the jelly."",""In a deep pot, dissolve agar powder, sugar, and water together until fully combined."",""Bring to a boil over high heat, stirring frequently to prevent sticking."",""Once the mixture thickens, add coconut milk and salt, and continue stirring."",""When the mixture becomes thick and slightly sticky in texture, test by dropping a small amount onto a plate. If it sets within about 30 seconds, it is ready."",""Pour the mixture into the prepared tray and allow it to cool completely."",""Once fully set and firm, cut into desired shapes and serve.""]"
Banana Sanwin Makin (Burmese Banana Semolina Cake),Myanmar,dessert,8,25,30,Medium,,,"A rich and moist Rakhine-style banana semolina cake made with ripe bananas, coconut cream, and dried fruits, baked until golden and topped with poppy seeds.","[""vegetarian""]","[{""name"":""Ripe bananas"",""amount"":""20 small (Rakhine bananas)""},{""name"":""Wheat flour"",""amount"":""100 g""},{""name"":""Fine semolina (shwe kyi)"",""amount"":""100 g""},{""name"":""Eggs"",""amount"":""3""},{""name"":""Sugar"",""amount"":""120 g""},{""name"":""Butter or oil"",""amount"":""100 g""},{""name"":""Raisins (dried fruit)"",""amount"":""100 g""},{""name"":""Coconut cream"",""amount"":""300 ml""},{""name"":""Desiccated coconut"",""amount"":""30 g""},{""name"":""Salt"",""amount"":""1/2 tbsp""},{""name"":""Poppy seeds"",""amount"":""1 tbsp""}]","[""Mash the ripe bananas thoroughly in a large bowl until smooth."",""Add all remaining ingredients except poppy seeds, mixing well after each addition until fully combined."",""Transfer the mixture into a pot and cook over medium heat, stirring continuously until the mixture thickens and oil begins to separate slightly."",""Pour the thickened batter into a greased baking tray and smooth the surface evenly."",""Sprinkle poppy seeds on top."",""Bake in a preheated oven at 220°C (top heat) and 120°C (bottom heat) for about 30 minutes or until golden brown."",""Check doneness by inserting a thin stick into the center; if it comes out clean, remove from oven."",""Allow to cool before slicing and serving.""]"
Moke Lat Kouk Kyaw (Burmese Donuts),Myanmar,dessert,6,20,30,Medium,,,"Crispy deep-fried sticky rice dough rings coated with rich palm jaggery syrup, a traditional Burmese sweet snack.","[""vegetarian""]","[{""name"":""Glutinous rice flour"",""amount"":""160 g""},{""name"":""Rice flour"",""amount"":""40 g""},{""name"":""Baking soda"",""amount"":""1/2 tsp""},{""name"":""Salt"",""amount"":""a pinch""},{""name"":""Palm jaggery"",""amount"":""6 blocks""},{""name"":""Hot water"",""amount"":""1 cup (approx.)""},{""name"":""Cooking oil"",""amount"":""for deep frying""}]","[""Mix glutinous rice flour and rice flour together in a bowl."",""Add baking soda and salt. Gradually pour in hot water while kneading until the dough becomes smooth and slightly firm."",""Cover and let the dough rest for about 2 hours until it becomes slightly elastic."",""Roll small portions of dough into long strips and shape into small rings."",""Heat plenty of oil in a pan. Fry the rings over medium-low heat until golden brown and crispy."",""In a separate pot, melt palm jaggery with a small pinch of salt and cook until it thickens into a sticky syrup."",""Coat the fried rice rings with the warm jaggery syrup and serve.""]"
Spicy Dried Fish & Rakhine Eggplant,Myanmar,dinner,4,20,25,Medium,,,"A flavorful Rakhine-style spicy dish made with dried fish and Rakhine eggplant, seasoned with chili, garlic, and aromatic herbs.","[""spicy"",""pescatarian""]","[{""name"":""Dried fish (cleaned and soaked)"",""amount"":""1 piece""},{""name"":""Rakhine eggplant (sliced)"",""amount"":""1 medium""},{""name"":""Red onion"",""amount"":""thinly sliced""},{""name"":""Green chili"",""amount"":""2–3, lightly pounded""},{""name"":""Shrimp paste"",""amount"":""1 tsp""},{""name"":""Sesame oil"",""amount"":""1–2 tsp""},{""name"":""Garlic"",""amount"":""1–2 cloves, crushed""},{""name"":""Salt"",""amount"":""to taste""},{""name"":""Dashi or sugar"",""amount"":""optional""},{""name"":""Cilantro"",""amount"":""1 handful for garnish""}]","[""Prepare eggplant by slicing and soaking in lightly salted water."",""In a pot, combine dried fish, eggplant, pounded chili, shrimp paste, garlic, sesame oil, salt, and dashi/sugar if using."",""Cover the pot and simmer until fragrant and eggplant is tender."",""Garnish with cilantro before serving."",""Adjust salt according to the saltiness of the dried fish, and add extra green chili if desired for more heat.""]"
Rakhine Mixed Curry,Myanmar,dinner,4,20,30,Medium,,,"A flavorful Rakhine-style mixed sour curry with dried fish, vegetables, and aromatic spices, delivering a perfect balance of sour, spicy, and savory notes.","[""spicy"",""pescatarian""]","[{""name"":""Dried fish (small pieces)"",""amount"":""as needed""},{""name"":""Eggplant"",""amount"":""1 medium, sliced""},{""name"":""Potato"",""amount"":""1 medium, sliced""},{""name"":""Long beans"",""amount"":""100 g, cut""},{""name"":""Pea shoots"",""amount"":""100 g""},{""name"":""Garlic"",""amount"":""4 cloves, crushed""},{""name"":""Green chili"",""amount"":""200 g, pounded""},{""name"":""Green chili powder"",""amount"":""1 tsp""},{""name"":""Shrimp paste"",""amount"":""1 tsp""},{""name"":""Tamarind juice"",""amount"":""as needed""},{""name"":""Salt"",""amount"":""to taste""},{""name"":""Seasoning powder"",""amount"":""to taste""},{""name"":""Oil"",""amount"":""2 tbsp""},{""name"":""Tomato"",""amount"":""1, sliced, for finishing""}]","[""Heat oil in a pot and add green chili powder."",""Add dried fish pieces and sauté until fragrant."",""Add prepared vegetables: eggplant, potato, long beans, pea shoots."",""Add shrimp paste, crushed garlic, pounded green chili, salt, and seasoning powder."",""Pour in a little water and simmer until vegetables are tender."",""Finally, add sliced tomato and tamarind juice to taste."",""Simmer briefly, adjust seasoning, and serve hot."",""Tip: Add tomato at the very end to keep curry fresh and sour. Adjust green chili according to spice preference.""]"
Rakhine Eggplant & Bamboo Shoot Curry,Myanmar,lunch,4,20,25,Medium,,,"A traditional Rakhine-style curry combining tender bamboo shoots and eggplant with aromatic spices and dried chilies, simmered to perfection.","[""spicy"",""pescatarian""]","[{""name"":""Bamboo shoots (soaked and cleaned)"",""amount"":""as needed""},{""name"":""Eggplant (sliced and washed)"",""amount"":""1 medium""},{""name"":""Dried chili (pounded)"",""amount"":""as needed""},{""name"":""Cilantro"",""amount"":""1 handful""},{""name"":""Shan cilantro"",""amount"":""1 handful""},{""name"":""Shrimp paste"",""amount"":""as needed""},{""name"":""Tamarind juice"",""amount"":""to taste""},{""name"":""Salt"",""amount"":""to taste""},{""name"":""Seasoning powder or chicken powder"",""amount"":""to taste""}]","[""Soak bamboo shoots and rinse well; prepare eggplant by slicing and washing."",""In a pot, combine bamboo shoots and eggplant."",""Add shrimp paste, salt, seasoning powder, and pounded dried chili."",""Add a little water and bring to a gentle simmer."",""Once the curry is simmered, add tamarind juice to taste."",""When vegetables are tender, garnish with cilantro and Shan cilantro."",""Serve hot and enjoy the fragrant, flavorful Rakhine curry."",""Tip: Bamboo shoots expand when soaked, so adjust quantities carefully. Fresh herbs like cilantro and Shan cilantro enhance aroma.""]"
Classic Rakhine Eggplant Stew,Myanmar,dinner,4,25,30,Medium,,,"A comforting Rakhine-style eggplant stew with dried shrimp, aromatics, and a rich blend of spices, simmered gently to bring out full flavors.","[""pescatarian"",""spicy""]","[{""name"":""Eggplant (sliced, green/red/purple)"",""amount"":""as desired""},{""name"":""Dried shrimp (soaked)"",""amount"":""as needed""},{""name"":""Red onion"",""amount"":""3, sliced""},{""name"":""Garlic (crushed)"",""amount"":""4 cloves""},{""name"":""Rakhine chili (sliced)"",""amount"":""as desired""},{""name"":""Oil"",""amount"":""as needed""},{""name"":""Shrimp paste"",""amount"":""a little""},{""name"":""Salt"",""amount"":""to taste""},{""name"":""Seasoning powder"",""amount"":""to taste""},{""name"":""Tamarind or coloring powder"",""amount"":""optional""},{""name"":""Cilantro"",""amount"":""for garnish""}]","[""Before cooking, mix chili, crushed garlic, sliced red onion, soaked dried shrimp, salt, seasoning powder, and optional coloring/tamarind in a pot."",""Add sliced eggplant and mix well."",""Add a little shrimp paste, generous oil, and about half a cup of water; simmer over medium heat."",""Stir occasionally to prevent sticking."",""Once eggplant is tender, lower heat and cook until oil rises and pot emits a fragrant aroma."",""Finally, garnish with cilantro before serving."",""Tip: Use enough oil to allow the pot to 'sing' and a little hot water at a time to retain full flavor.""]"
Rakhine Fish Barrel & Eggplant Curry,Myanmar,dinner,4,15,25,Medium,,,"A traditional Rakhine-style curry using canned fish and eggplant, seasoned with green chilies, onion, and aromatic spices for a balanced savory and spicy flavor.","[""pescatarian"",""spicy""]","[{""name"":""Canned fish (with oil)"",""amount"":""1 can""},{""name"":""Eggplant (sliced and washed)"",""amount"":""as desired""},{""name"":""Red onion"",""amount"":""1, sliced""},{""name"":""Green chili (pounded)"",""amount"":""to taste""},{""name"":""Cilantro"",""amount"":""for garnish""},{""name"":""Shrimp paste"",""amount"":""a little""},{""name"":""Salt"",""amount"":""to taste""},{""name"":""Seasoning powder"",""amount"":""to taste""},{""name"":""Sesame powder"",""amount"":""to taste""},{""name"":""Oil"",""amount"":""a little""}]","[""In a pot, add sliced eggplant, shrimp paste, salt, seasoning powder, sesame powder, and a little oil."",""Add sliced red onion and pounded green chili."",""Simmer until eggplant is tender."",""Open the canned fish and gently add it to the pot."",""Simmer briefly to heat through without breaking the fish pieces."",""Garnish with cilantro before serving."",""Tip: Stir gently after adding canned fish to keep pieces intact. Adjust green chili according to spice preference.""]"
Fried Eggplant Salad,Myanmar,dinner,2,15,20,Easy,,,"A crunchy, flavorful fried eggplant salad with garlic, green chilies, and ground peanuts, lightly seasoned for a savory snack.","[""vegetarian"",""spicy""]","[{""name"":""Eggplant (long, sliced lengthwise)"",""amount"":""1""},{""name"":""Red onion"",""amount"":""thinly sliced""},{""name"":""Cilantro"",""amount"":""for garnish""},{""name"":""Ground peanuts (washed)"",""amount"":""as needed""},{""name"":""Salt"",""amount"":""to taste""},{""name"":""Chili powder or green chili"",""amount"":""to taste""},{""name"":""Oil"",""amount"":""a little""}]","[""Heat a little oil in a pot and fry the eggplant until tender, turning occasionally."",""Add a little more oil and fry the sliced red onion until fragrant, then add chilies."",""Combine fried eggplant, onion, ground peanuts, salt, chili, and cilantro, mixing well."",""Adjust sweetness or spice to taste before serving."",""Tip: Use lightly pounded peanuts for a richer texture. Roasting green chilies before adding enhances aroma.""]"
Stuffed Eggplant with Pork,Myanmar,dinner,4,25,30,Medium,,,"Rakhine-style stuffed eggplant with seasoned pork, garlic, ginger, and green chilies, pan-fried and simmered with aromatic spices for a deliciously savory dish.","[""pork"",""spicy""]","[{""name"":""Eggplant (long or medium, sliced into pieces)"",""amount"":""as desired""},{""name"":""Minced pork"",""amount"":""about 30 pieces""},{""name"":""Red onion"",""amount"":""thinly sliced""},{""name"":""Garlic"",""amount"":""as needed""},{""name"":""Ginger"",""amount"":""as needed""},{""name"":""Green chili"",""amount"":""to taste""},{""name"":""Seasoning powder"",""amount"":""to taste""},{""name"":""Fish sauce or soy sauce"",""amount"":""to taste""},{""name"":""Oil"",""amount"":""as needed""},{""name"":""Rakhine chili or coloring powder"",""amount"":""optional""}]","[""Marinate minced pork with seasoning powder, fish sauce, ginger, and garlic paste."",""Prepare eggplant by slicing and partially cutting to hold the filling."",""Stuff marinated pork into eggplant slices carefully."",""Pan-fry stuffed eggplant with a little oil until golden and set aside."",""In the remaining oil, sauté red onion and sliced chili until fragrant."",""Return stuffed eggplant to the pan, add sautéed aromatics, and let flavors meld briefly."",""Serve hot once oil rises and aroma is strong."",""Tip: Adding a little egg or cornflour to the pork mix helps keep the filling intact while frying.""]"
Egg Noodle with Garlic Oil and Minced Meat,Myanmar,breakfast,4,20,25,Medium,,,Springy egg noodles tossed in fragrant garlic oil and topped with savory minced meat sauce.,"[]","[{""name"":""Egg noodles"",""amount"":""500 g""},{""name"":""Ground pork or chicken"",""amount"":""300 g""},{""name"":""Garlic"",""amount"":""8 cloves, minced""},{""name"":""Soy sauce"",""amount"":""2 tbsp""},{""name"":""Oyster sauce"",""amount"":""1 tbsp""},{""name"":""Oil"",""amount"":""3 tbsp""},{""name"":""Green onions"",""amount"":""2 stalks""}]","[""Heat oil and fry garlic until golden; set aside garlic oil."",""Cook minced meat with soy and oyster sauce until done."",""Boil egg noodles and drain."",""Toss noodles with garlic oil and top with minced meat and green onions.""]"
Chicken and Jackfruit Curry,Myanmar,dinner,4,20,43,Medium,389,,"A flavorful Burmese chicken curry cooked with tender jackfruit, aromatics, and traditional spices.","[""pork-free""]","[{""name"":""Chicken pieces"",""amount"":""500 g""},{""name"":""Garlic"",""amount"":""4 cloves""},{""name"":""Ginger"",""amount"":""1 inch piece""},{""name"":""Turmeric"",""amount"":""1 tsp""},{""name"":""Salt"",""amount"":""to taste""},{""name"":""Vegetable oil"",""amount"":""2 tbsp""},{""name"":""Onion"",""amount"":""1 medium, sliced""},{""name"":""Tomato"",""amount"":""1 medium, chopped""},{""name"":""Shrimp paste"",""amount"":""1 tsp""},{""name"":""Tamarind paste"",""amount"":""1 tbsp""},{""name"":""Chili powder"",""amount"":""1 tsp""},{""name"":""Chicken stock"",""amount"":""1 cup""},{""name"":""Sugar"",""amount"":""1 tsp""},{""name"":""Jackfruit (ripe or young)"",""amount"":""1 cup, chopped""},{""name"":""Curry powder"",""amount"":""1 tsp""}]","[""Mix chicken, garlic, ginger, turmeric, and salt; marinate 30 minutes."",""Heat oil; add onion and cook until browned, 2-3 minutes."",""Add tomato, shrimp paste, tamarind, and chili powder; stir 1 minute."",""Add chicken and cook until browned, about 5 minutes."",""Add stock and sugar; cover and simmer 15 minutes."",""Add jackfruit; simmer until tender, about 15 minutes."",""Stir in curry powder; simmer 5 minutes more until chicken is fully cooked.""]"
Spiced pork with green mango (Wettha Thayet Thi Chet),Myanmar,dinner,4,30,180,Medium,,,A rich Burmese pork curry cooked with green mango and aromatic spices.,"[""dairy-free"",""gluten-free"",""pork""]","[{""name"":""Ginger"",""amount"":""6 cm piece, chopped""},{""name"":""Garlic"",""amount"":""4 cloves, chopped""},{""name"":""Onion"",""amount"":""1, chopped""},{""name"":""Shrimp paste (belachan)"",""amount"":""1 tsp""},{""name"":""Peanut oil"",""amount"":""2 tbsp""},{""name"":""Dried chilli flakes"",""amount"":""1 tbsp""},{""name"":""Ground turmeric"",""amount"":""1 tsp""},{""name"":""Pork neck"",""amount"":""1.2 kg, cut into 4 cm pieces""},{""name"":""Green mangoes"",""amount"":""2, peeled, coarsely grated""},{""name"":""Fish sauce"",""amount"":""1 tsp, plus extra to taste""},{""name"":""Chicken stock"",""amount"":""1 litre""},{""name"":""Brown sugar"",""amount"":""to taste""}]","[""Combine ginger, garlic, onion, and shrimp paste to a smooth paste."",""Heat oil; add paste, chilli, and turmeric; stir 1 minute."",""Add pork; coat and cook until golden, about 8 minutes."",""Add mango and fish sauce; stir to combine. Add stock and simmer partially covered ~2.5 hours until tender."",""Uncover and cook 15 minutes until sauce thickens. Season with sugar and extra fish sauce if needed."",""Serve with rice (optional).""]"
Pork curry (Wet Thar Sipyan),Myanmar,dinner,4,15,120,Easy,,,"A traditional Burmese pork curry cooked until the oil returns to the surface, served with steamed white rice.","[""pork""]","[{""name"":""Onion"",""amount"":""1, finely chopped""},{""name"":""Garlic cloves"",""amount"":""5, crushed""},{""name"":""Ginger"",""amount"":""5 cm piece, peeled, grated""},{""name"":""Chilli powder"",""amount"":""2 tsp""},{""name"":""Ground turmeric"",""amount"":""1 tsp""},{""name"":""Paprika"",""amount"":""1 tsp""},{""name"":""Peanut oil"",""amount"":""100 ml""},{""name"":""Tomato paste"",""amount"":""2 tbsp""},{""name"":""Pork belly, boneless"",""amount"":""1 kg, skin removed, diced""},{""name"":""Lemongrass stalk"",""amount"":""1, bruised""},{""name"":""Tamarind pulp concentrate"",""amount"":""100 g""},{""name"":""Fish sauce"",""amount"":""1 tbsp""},{""name"":""Caster sugar"",""amount"":""3 tsp""}]","[""Blend onion, garlic, and ginger to a smooth paste; stir in chilli powder, turmeric, paprika."",""Heat oil; add paste and tomato paste; cook 15 minutes until browned and oil separates."",""Add pork; season. Add lemongrass and 160 ml water; cook uncovered ~1.5 hours until tender."",""Add tamarind, fish sauce, sugar; cook 10 minutes until liquid evaporates and oil returns to the surface."",""Serve with rice.""]"
Green Mango Salad,Myanmar,salad,2,20,0,Easy,,,"A refreshing Burmese salad with green mango, herbs, and fried eschalots.","[]","[{""name"":""Lime juice"",""amount"":""2 tbsp""},{""name"":""Fish sauce"",""amount"":""1 tbsp""},{""name"":""Brown sugar"",""amount"":""2 tsp""},{""name"":""Green mango"",""amount"":""1, peeled, thinly shredded""},{""name"":""Asian red eschalots"",""amount"":""3, thinly sliced""},{""name"":""Long red chilli"",""amount"":""1, seeded, thinly shredded""},{""name"":""Mint leaves"",""amount"":""1/2 cup""},{""name"":""Coriander leaves"",""amount"":""1/2 cup""},{""name"":""Fried Asian red eschalots"",""amount"":""20 g""}]","[""Whisk lime juice, fish sauce, sugar, and 2 tsp water until sugar dissolves."",""Combine mango, eschalots, chilli, mint, coriander in a bowl."",""Add dressing and toss. Top with fried eschalots.""]"
Golden Egg Curry,Myanmar,dinner,4,20,30,Easy,,,"A beautiful Burmese egg curry with golden-fried eggs in a mildly spiced tomato sauce, served with rice.","[""vegetarian"",""gluten-free""]","[{""name"":""Eggs"",""amount"":""4 large""},{""name"":""Peanut or sesame oil"",""amount"":""80 ml""},{""name"":""Turmeric"",""amount"":""1/3 tsp""},{""name"":""Shallots"",""amount"":""2 small""},{""name"":""Garlic"",""amount"":""2 tsp""},{""name"":""Red chilli powder"",""amount"":""1/4 tsp""},{""name"":""Tomatoes"",""amount"":""2 medium""},{""name"":""Fish sauce"",""amount"":""2 tsp""},{""name"":""Salt"",""amount"":""1/2 tsp""},{""name"":""Green cayenne chillies"",""amount"":""2 or 3""}]","[""Boil eggs for 8 minutes; cool and peel."",""Heat oil with turmeric; fry eggs until golden; remove and halve."",""Keep 2–3 tbsp oil; sauté shallots and garlic."",""Add chilli powder and tomatoes; cook 10 minutes until softened."",""Stir in fish sauce and salt; add chillies; place eggs cut-side down and cook 3 minutes."",""Serve with rice.""]"
Minced Beef with Kachin Shalap Leaves,Myanmar,dinner,2,20,30,Easy,,,"A flavorful Kachin dish of minced beef cooked with aromatic shalap leaves, herbs, and spices, served hot.","[""gluten-free"",""dairy-free""]","[{""name"":""Beef"",""amount"":""700 g""},{""name"":""Shalap leaves"",""amount"":""1 bunch""},{""name"":""Coriander seeds"",""amount"":""3 tsp""},{""name"":""Dried chillies"",""amount"":""10""},{""name"":""Peppercorn (Szechuan)"",""amount"":""2 1/2 tsp""},{""name"":""Salt"",""amount"":""1 tsp""},{""name"":""Ginger"",""amount"":""1 tbsp""},{""name"":""Garlic cloves"",""amount"":""3-4""},{""name"":""Chopped coriander"",""amount"":""2 tbsp""},{""name"":""Saw leaf (thorny coriander)"",""amount"":""4-6""},{""name"":""Olive oil"",""amount"":""6 tbsp""},{""name"":""Lemongrass"",""amount"":""1-2""},{""name"":""Fresh chillies"",""amount"":""5""},{""name"":""Chopped mixed herbs"",""amount"":""150 g""},{""name"":""Lemon or lime"",""amount"":""1""},{""name"":""Rice wine"",""amount"":""1 small glass""}]","[""Slice shalap leaves finely."",""Pound spices, salt, ginger, garlic, saw leaf, and coriander into a paste."",""Chop beef finely; add to pan with shalap leaves and paste."",""Add olive oil and rice wine; cover and cook, stirring often, until slightly dry."",""Serve hot with lime.""]"
Crispy Garlic Noodle (Sechet Khao Swel),Myanmar,breakfast,2,15,15,Medium,482,,"Delicious chicken noodles topped with crispy garlic, chicken crackling and quick pickle, fragrant and flavorful.","[""dairy-free""]","[{""name"":""Boneless chicken thigh/breast"",""amount"":""200 g""},{""name"":""Chicken skin"",""amount"":""50 g""},{""name"":""Dry wheat noodles"",""amount"":""120 g""},{""name"":""Garlic cloves"",""amount"":""8-10""},{""name"":""Spring onions"",""amount"":""2-3""},{""name"":""Vegetable oil"",""amount"":""1/3 cup""},{""name"":""Light soy sauce"",""amount"":""2 tbsp""},{""name"":""Oyster sauce"",""amount"":""2 tbsp""},{""name"":""Sesame oil"",""amount"":""1 tsp""},{""name"":""White pepper powder"",""amount"":""1/4 tsp""},{""name"":""Sugar"",""amount"":""1 tbsp""},{""name"":""Shallots"",""amount"":""2""},{""name"":""Red/green chilli"",""amount"":""2""},{""name"":""Cucumber"",""amount"":""1/4""},{""name"":""White vinegar"",""amount"":""1 tbsp""}]","[""Cut chicken and skin into small pieces. Chop garlic and spring onions."",""Fry chicken skin in oil until crispy; set aside."",""Fry garlic in remaining oil until crispy; set aside."",""Boil noodles; drain."",""Stir-fry chicken with sauces until cooked."",""Add noodles and mix until glossy."",""Make quick pickle with shallots, cucumber, chilli, vinegar, soy, sugar."",""Serve topped with crackling, pickle, garlic flakes, spring onions, and garlic oil.""]"
Spicy Chicken Fried Rice,Myanmar,lunch,2,10,10,Easy,415,,"Mouth-watering spicy chicken fried rice with a kick of chilli, popular in Burma, quick and flavorful.","[""dairy-free""]","[{""name"":""Cooked rice"",""amount"":""1 large bowl""},{""name"":""Chicken breast"",""amount"":""150 g""},{""name"":""Carrot"",""amount"":""1""},{""name"":""Green peas/Long beans"",""amount"":""1/2 cup""},{""name"":""Spring onion"",""amount"":""2-3""},{""name"":""Red/Green chilli"",""amount"":""4-5""},{""name"":""Garlic cloves"",""amount"":""2-3""},{""name"":""Shallot/Onion"",""amount"":""1""},{""name"":""Chilli powder/Paprika powder"",""amount"":""1 tsp""},{""name"":""Eggs"",""amount"":""2""},{""name"":""Salt"",""amount"":""1/4 tsp""},{""name"":""Baking powder/soda"",""amount"":""1/4 tsp""},{""name"":""Sesame oil"",""amount"":""1 tsp""},{""name"":""Oyster sauce"",""amount"":""1 tbsp""},{""name"":""Light soy sauce"",""amount"":""1 tbsp""},{""name"":""Sweet soy sauce"",""amount"":""1 tsp""}]","[""Dice chicken and marinate with salt, baking powder, and sesame oil for 2–3 minutes."",""Chop vegetables and aromatics."",""Scramble eggs; set aside."",""Stir-fry shallots and garlic; add chicken and brown lightly."",""Add chilli powder and chopped chilli."",""Add carrots and peas; cook until slightly soft."",""Add rice and sauces; stir-fry 1–2 minutes."",""Add spring onion and egg; mix and serve.""]"
Burmese Century Egg Salad,Myanmar,salad,2,15,0,Easy,,,"Fresh and tangy Burmese salad with century eggs, tomatoes, onions, chilli, and coriander.","[""dairy-free"",""vegetarian"",""gluten-free""]","[{""name"":""Century eggs"",""amount"":""4""},{""name"":""Tomatoes"",""amount"":""2 large""},{""name"":""White onion"",""amount"":""1 large""},{""name"":""Red chilli"",""amount"":""1""},{""name"":""Coriander leaves"",""amount"":""handful""},{""name"":""Lemon juice"",""amount"":""1 tbsp""},{""name"":""Fish sauce"",""amount"":""1 tsp""},{""name"":""MSG"",""amount"":""pinch""},{""name"":""Peanut oil"",""amount"":""1 tsp""}]","[""Peel eggs; scald briefly with boiling water; cool and slice."",""Soak sliced onions in cold water; drain."",""Combine eggs, onion, tomatoes, chilli, coriander."",""Add oil, fish sauce, lemon juice, MSG; toss and serve.""]"
Burmese Rainbow Salad Recipe (Let Thoke Sone),Myanmar,salad,4,20,20,Easy,,,"Colorful Burmese hand-tossed salad with noodles, rice, potatoes, vegetables, peanuts, shrimp, and tamarind dressing.","[""dairy-free"",""gluten-free""]","[{""name"":""Bean thread noodle"",""amount"":""200 g""},{""name"":""Rice"",""amount"":""200 g""},{""name"":""Tomato puree"",""amount"":""1 tbsp""},{""name"":""Tamarind paste"",""amount"":""1 tsp""},{""name"":""Potatoes"",""amount"":""2 medium""},{""name"":""Gram flour"",""amount"":""4 tbsp""},{""name"":""Be bohk/tua nao or tahini-peanut butter"",""amount"":""1 disc or 2 tbsp""},{""name"":""Peanuts"",""amount"":""2 handfuls""},{""name"":""Dried shrimp"",""amount"":""handful""},{""name"":""Carrots"",""amount"":""2 large""},{""name"":""White cabbage leaves"",""amount"":""2""},{""name"":""Green papaya"",""amount"":""1/2""},{""name"":""Coriander leaves"",""amount"":""handful""},{""name"":""Crispy onions"",""amount"":""to garnish""},{""name"":""Chilli oil"",""amount"":""to garnish""},{""name"":""Groundnut oil"",""amount"":""to taste""},{""name"":""Fish sauce"",""amount"":""to taste""}]","[""Cook noodles; set aside."",""Cook rice with tomato puree; set aside."",""Prepare tamarind water/paste."",""Boil potatoes; slice."",""Toast gram flour; cool."",""Grind be bohk/tahini-peanut; set aside."",""Grind dried shrimp; fry peanuts."",""Julienne vegetables."",""Combine all; season with oil and fish sauce; garnish and serve.""]"
Mandalay bean fritters (Mandalay Pel Kyaw),Myanmar,breakfast,4,10,25,Easy,,,"Soft and fluffy Burmese kidney bean fritters with a thin crispy shell, served hot with optional dipping sauce.","[""vegan"",""gluten-free""]","[{""name"":""Red kidney beans"",""amount"":""400 g""},{""name"":""Red onion"",""amount"":""1""},{""name"":""Self-raising flour"",""amount"":""1 tbsp""},{""name"":""Rice flour"",""amount"":""1 tbsp""},{""name"":""Glutinous rice flour"",""amount"":""1 tbsp""},{""name"":""Baking powder"",""amount"":""1 tsp""},{""name"":""Ground ginger"",""amount"":""1 tsp""},{""name"":""Garlic powder"",""amount"":""1 tsp""},{""name"":""Salt"",""amount"":""1/2 tsp""},{""name"":""Vegetable bouillon or MSG"",""amount"":""1/2 tbsp""},{""name"":""Groundnut oil"",""amount"":""for deep-frying""}]","[""Drain and mash kidney beans, leaving a little liquid."",""Add onion and dry ingredients; mix well."",""Heat oil to medium-high."",""Fry spoonfuls 2–4 minutes per side until golden."",""Drain and serve hot.""]"
Burmese Green Tomato Salad,Myanmar,salad,4,15,0,Easy,,,"A fresh and crisp Burmese salad made with green tomatoes, mild chilli, nuts, and toasted gram flour, perfect as a side dish or starter.","[""vegan"",""gluten-free""]","[{""name"":""Green tomatoes"",""amount"":""4""},{""name"":""Green Indian finger chilli"",""amount"":""1""},{""name"":""Red onion or banana shallots"",""amount"":""1/2""},{""name"":""Gram flour"",""amount"":""1 tbsp""},{""name"":""Sesame seeds"",""amount"":""1 tsp""},{""name"":""Broad beans, fried"",""amount"":""1 tbsp""},{""name"":""Peanuts, salted"",""amount"":""1 tbsp""},{""name"":""Fried garlic flakes"",""amount"":""1 tbsp""},{""name"":""Groundnut or vegetable oil"",""amount"":""1 tbsp""},{""name"":""Fish sauce"",""amount"":""1 tbsp""},{""name"":""Lime juice"",""amount"":""1/4 lime""}]","[""Soak sliced onion in cold water 5 minutes; drain."",""Slice green tomatoes; add chilli."",""Toast gram flour in dry pan; cool."",""Combine all ingredients; add oil, fish sauce, and lime; toss and serve.""]"

Mont Lin Ma Yar (Myanmar Street Pancake),Myanmar,breakfast,4,15,20,Easy,,,"Small crispy rice pancakes cooked in a special pan and topped with chickpeas and scallions.","[""vegetarian""]","[{""name"":""Rice flour"",""amount"":""2 cups""},{""name"":""Water"",""amount"":""1 3/4 cups""},{""name"":""Baking powder"",""amount"":""1 tsp""},{""name"":""Salt"",""amount"":""1/2 tsp""},{""name"":""Cooked chickpeas"",""amount"":""1/2 cup""},{""name"":""Spring onions"",""amount"":""2 tbsp, chopped""},{""name"":""Oil"",""amount"":""for pan""}]","[""Whisk rice flour, water, baking powder, and salt into a thin batter."",""Heat Mont Lin Ma Yar pan (or small muffin pan) and oil lightly."",""Pour batter into wells, top with chickpeas and spring onions."",""Cook until edges crisp and centers set; serve hot.""]"
Mont Pyar Tha Let (Burmese Stuffed Pancake),Myanmar,breakfast,4,20,20,Medium,,,"Savory stuffed pancake commonly filled with spiced potato or peas.","[]","[{""name"":""All-purpose flour"",""amount"":""2 cups""},{""name"":""Water"",""amount"":""3/4 cup""},{""name"":""Salt"",""amount"":""1/2 tsp""},{""name"":""Boiled potatoes"",""amount"":""2 cups, mashed""},{""name"":""Onion"",""amount"":""1/2 cup, minced""},{""name"":""Turmeric"",""amount"":""1/2 tsp""},{""name"":""Oil"",""amount"":""2 tbsp + for frying""}]","[""Make a soft dough with flour, salt, and water; rest 15 minutes."",""Sauté onion in oil, add turmeric and mashed potato; season."",""Divide dough, flatten, fill, seal, and pan-fry until golden."",""Serve hot.""]"
Pe Kyaw (Split Pea Fritters),Myanmar,breakfast,4,15,20,Easy,,,"Crispy fritters made from soaked split peas and aromatics.","[""vegan"",""gluten-free""]","[{""name"":""Yellow split peas"",""amount"":""1 1/2 cups""},{""name"":""Onion"",""amount"":""1, chopped""},{""name"":""Garlic"",""amount"":""3 cloves""},{""name"":""Salt"",""amount"":""to taste""},{""name"":""Oil"",""amount"":""for frying""}]","[""Soak peas 4–6 hours; drain."",""Blend peas with onion and garlic into thick paste; season."",""Fry spoonfuls until golden; drain and serve.""]"
Htamin Jin (Fermented Rice),Myanmar,breakfast,4,10,0,Easy,,,"Traditional lightly fermented rice, eaten with crispy fritters or fish.","[""gluten-free""]","[{""name"":""Cooked rice (cooled)"",""amount"":""4 cups""},{""name"":""Salt"",""amount"":""1 tsp""},{""name"":""Warm water"",""amount"":""1/4 cup""}]","[""Mix cooled rice with salt and a splash of warm water."",""Pack into a clean container; cover loosely and ferment 12–24 hours at room temp."",""Serve as a side with savory dishes.""]"
Nga Htamin (Fish Rice),Myanmar,lunch,4,20,20,Medium,,,"Rice mixed with seasoned fish flakes, garlic oil, and herbs.","[""pescatarian""]","[{""name"":""Cooked rice"",""amount"":""4 cups""},{""name"":""Cooked fish (flaked)"",""amount"":""300 g""},{""name"":""Garlic"",""amount"":""5 cloves, sliced""},{""name"":""Oil"",""amount"":""3 tbsp""},{""name"":""Fish sauce"",""amount"":""1–2 tbsp""},{""name"":""Cilantro"",""amount"":""1 handful""}]","[""Fry garlic in oil until golden; reserve garlic oil."",""Mix rice with fish, fish sauce, garlic oil, and cilantro."",""Top with crispy garlic and serve.""]"
Danbauk (Burmese Chicken Biryani),Myanmar,lunch,6,40,60,Hard,,,"Fragrant Burmese biryani-style rice served with spiced chicken and salad.","[]","[{""name"":""Basmati rice"",""amount"":""3 cups""},{""name"":""Chicken"",""amount"":""800 g""},{""name"":""Onion"",""amount"":""2, sliced""},{""name"":""Garlic"",""amount"":""6 cloves""},{""name"":""Ginger"",""amount"":""2-inch piece""},{""name"":""Biryani spice mix"",""amount"":""2 tbsp""},{""name"":""Oil"",""amount"":""4 tbsp""},{""name"":""Salt"",""amount"":""to taste""}]","[""Fry onions until browned; set aside."",""Cook chicken with ginger, garlic, spices, salt, and a little water until tender."",""Parboil rice, then steam rice with chicken gravy and browned onions until aromatic."",""Serve with salad or pickles.""]"
Nga Baung (Steamed Fish in Banana Leaf),Myanmar,dinner,4,20,30,Medium,,,"Fish steamed in banana leaves with aromatics and herbs.","[""pescatarian"",""gluten-free""]","[{""name"":""Fish fillets"",""amount"":""500 g""},{""name"":""Garlic"",""amount"":""4 cloves""},{""name"":""Ginger"",""amount"":""1-inch piece""},{""name"":""Lemongrass"",""amount"":""1 stalk""},{""name"":""Fish sauce"",""amount"":""1–2 tbsp""},{""name"":""Banana leaves"",""amount"":""for wrapping""}]","[""Mix minced garlic, ginger, and lemongrass with fish sauce."",""Coat fish with mixture; wrap in banana leaves."",""Steam 20–25 minutes until cooked through; serve hot.""]"
Burmese Pumpkin Curry,Myanmar,dinner,4,15,25,Easy,,,"Tender pumpkin simmered with garlic, turmeric, and mild spices.","[""vegan"",""gluten-free""]","[{""name"":""Pumpkin"",""amount"":""600 g, cubed""},{""name"":""Garlic"",""amount"":""4 cloves""},{""name"":""Turmeric"",""amount"":""1/2 tsp""},{""name"":""Oil"",""amount"":""2 tbsp""},{""name"":""Salt"",""amount"":""to taste""}]","[""Sauté garlic in oil; add turmeric."",""Add pumpkin and salt with a splash of water."",""Simmer until pumpkin is tender and glossy; serve.""]"
Tamarind Prawn Curry,Myanmar,dinner,4,15,20,Easy,,,"Tangy prawn curry flavored with tamarind, garlic, and chili.","[""pescatarian"",""gluten-free""]","[{""name"":""Prawns"",""amount"":""400 g""},{""name"":""Tamarind paste"",""amount"":""2 tbsp""},{""name"":""Garlic"",""amount"":""5 cloves""},{""name"":""Chili powder"",""amount"":""1/2 tsp""},{""name"":""Fish sauce"",""amount"":""1 tbsp""},{""name"":""Oil"",""amount"":""2 tbsp""}]","[""Sauté garlic in oil; add chili powder."",""Add prawns and cook until pink."",""Stir in tamarind and fish sauce with a splash of water; simmer 3–5 minutes and serve.""]"
Ngapi Yay (Fermented Fish Dip),Myanmar,dinner,4,10,10,Easy,,,"Fermented fish paste dip served with fresh vegetables, lime, and chili.","[""pescatarian"",""gluten-free""]","[{""name"":""Ngapi (fermented fish paste)"",""amount"":""2 tbsp""},{""name"":""Lime juice"",""amount"":""1 tbsp""},{""name"":""Garlic"",""amount"":""1 clove, minced""},{""name"":""Chili"",""amount"":""to taste""},{""name"":""Veggie sticks"",""amount"":""as needed""}]","[""Mix ngapi with lime, garlic, and chili."",""Adjust with a splash of water to desired dip consistency."",""Serve with vegetables.""]"
Gin Thoke (Ginger Salad),Myanmar,salad,4,15,0,Easy,,,"Crunchy ginger salad with peanuts, sesame, and lime dressing.","[""vegan"",""gluten-free""]","[{""name"":""Young ginger"",""amount"":""1/2 cup, shredded""},{""name"":""Cabbage"",""amount"":""2 cups, shredded""},{""name"":""Roasted peanuts"",""amount"":""1/3 cup""},{""name"":""Sesame seeds"",""amount"":""1 tbsp""},{""name"":""Lime juice"",""amount"":""2 tbsp""},{""name"":""Oil"",""amount"":""1 tbsp""},{""name"":""Salt"",""amount"":""to taste""}]","[""Toss ginger and cabbage."",""Add lime juice, oil, and salt; mix."",""Top with peanuts and sesame; serve.""]"
Khayan Chin Thoke (Tomato Salad),Myanmar,salad,4,10,0,Easy,,,"Fresh tomato salad dressed with lime and savory seasoning.","[]","[{""name"":""Tomatoes"",""amount"":""2 cups, chopped""},{""name"":""Onion"",""amount"":""1/2 cup, sliced""},{""name"":""Lime juice"",""amount"":""1–2 tbsp""},{""name"":""Fish sauce (or soy sauce)"",""amount"":""1 tbsp""},{""name"":""Chili"",""amount"":""optional""}]","[""Combine tomatoes and onion."",""Dress with lime and fish sauce (or soy)."",""Add chili if desired; serve.""]"
Burmese Avocado Salad,Myanmar,salad,4,10,0,Easy,,,"Creamy avocado salad with lime, onion, and chili.","[""vegan"",""gluten-free""]","[{""name"":""Avocado"",""amount"":""2, cubed""},{""name"":""Red onion"",""amount"":""1/3 cup, sliced""},{""name"":""Lime juice"",""amount"":""2 tbsp""},{""name"":""Salt"",""amount"":""to taste""},{""name"":""Chili flakes"",""amount"":""to taste""}]","[""Toss avocado with onion, lime, salt, and chili."",""Serve immediately.""]"
Burmese Coconut Chicken Salad,Myanmar,salad,4,20,0,Easy,,,"Shredded chicken tossed with toasted coconut, herbs, and lime.","[]","[{""name"":""Cooked chicken (shredded)"",""amount"":""2 cups""},{""name"":""Toasted coconut"",""amount"":""1/2 cup""},{""name"":""Onion"",""amount"":""1/2 cup, sliced""},{""name"":""Lime juice"",""amount"":""2 tbsp""},{""name"":""Fish sauce (or soy sauce)"",""amount"":""1 tbsp""},{""name"":""Cilantro"",""amount"":""1 handful""}]","[""Mix chicken, onion, toasted coconut, and cilantro."",""Dress with lime and fish sauce (or soy)."",""Toss and serve.""]"
Shwe Yin Aye (Coconut Dessert Drink),Myanmar,dessert,4,15,0,Easy,,,"Popular coconut milk dessert drink with jelly, sago, and basil seeds.","[""vegetarian"",""gluten-free""]","[{""name"":""Coconut milk"",""amount"":""400 ml""},{""name"":""Water"",""amount"":""300 ml""},{""name"":""Sugar"",""amount"":""to taste""},{""name"":""Basil seeds (soaked)"",""amount"":""2 tbsp""},{""name"":""Jelly cubes"",""amount"":""1 cup""},{""name"":""Sago pearls (cooked)"",""amount"":""1/2 cup""}]","[""Mix coconut milk with water and sweeten."",""Add soaked basil seeds, jelly, and sago."",""Serve chilled.""]"
Htamin Lone Yay Paw (Sticky Rice Balls),Myanmar,dessert,6,30,10,Medium,,,"Glutinous rice balls filled with palm sugar and served in ginger syrup.","[""vegetarian"",""gluten-free""]","[{""name"":""Glutinous rice flour"",""amount"":""2 cups""},{""name"":""Warm water"",""amount"":""3/4 cup (approx.)""},{""name"":""Palm sugar"",""amount"":""1/2 cup, chopped""},{""name"":""Ginger"",""amount"":""2-inch piece, sliced""},{""name"":""Water"",""amount"":""4 cups""}]","[""Make a soft dough with rice flour and warm water."",""Fill small balls with palm sugar; seal."",""Boil until balls float."",""Simmer ginger in water (sweeten if desired) and serve balls in syrup.""]"
Shwe Kyi (Semolina Coconut Cake),Myanmar,dessert,8,20,35,Medium,,,"Traditional semolina cake cooked with coconut milk until glossy and set.","[""vegetarian""]","[{""name"":""Semolina"",""amount"":""1 cup""},{""name"":""Coconut milk"",""amount"":""400 ml""},{""name"":""Sugar"",""amount"":""1/2 cup""},{""name"":""Salt"",""amount"":""pinch""}]","[""Cook semolina with coconut milk, sugar, and salt, stirring constantly."",""When thick and glossy, pour into a tray and cool to set."",""Slice and serve.""]"
Mont Let Saung (Coconut Jelly Dessert),Myanmar,dessert,4,15,20,Easy,,,"Chilled coconut milk dessert with jelly and sweet syrup.","[""vegetarian"",""gluten-free""]","[{""name"":""Coconut milk"",""amount"":""400 ml""},{""name"":""Jelly cubes"",""amount"":""1 cup""},{""name"":""Sugar syrup"",""amount"":""to taste""},{""name"":""Ice"",""amount"":""as needed""}]","[""Fill bowls with jelly and ice."",""Pour coconut milk and drizzle syrup."",""Serve cold.""]"
Burmese Banana Fritters,Myanmar,dessert,4,10,15,Easy,,,"Ripe bananas coated in batter and fried until crisp.","[""vegetarian""]","[{""name"":""Ripe bananas"",""amount"":""4""},{""name"":""All-purpose flour"",""amount"":""1 cup""},{""name"":""Water"",""amount"":""3/4 cup""},{""name"":""Sugar"",""amount"":""1 tbsp""},{""name"":""Oil"",""amount"":""for frying""}]","[""Whisk flour, water, and sugar into batter."",""Dip bananas and fry until golden."",""Drain and serve.""]"
Burmese Sticky Coconut Rice,Myanmar,dessert,4,20,20,Easy,,,"Sweet sticky rice cooked with coconut milk and palm sugar.","[""vegetarian"",""gluten-free""]","[{""name"":""Glutinous rice"",""amount"":""2 cups""},{""name"":""Coconut milk"",""amount"":""400 ml""},{""name"":""Palm sugar (or brown sugar)"",""amount"":""1/3 cup""},{""name"":""Salt"",""amount"":""pinch""}]","[""Soak sticky rice 2 hours; steam until tender."",""Warm coconut milk with sugar and salt."",""Mix steamed rice with coconut mixture; rest 10 minutes and serve.""]"
Pumpkin & Chickpea Curry,Myanmar,dinner,4,15,25,Easy,340,,"Mild Burmese-style pumpkin curry with chickpeas, turmeric, and garlic.","[""vegan"",""gluten-free""]","[{""name"":""Pumpkin"",""amount"":""600 g, cubed""},{""name"":""Cooked chickpeas"",""amount"":""1 1/2 cups""},{""name"":""Onion"",""amount"":""1 medium, sliced""},{""name"":""Garlic"",""amount"":""4 cloves, minced""},{""name"":""Turmeric"",""amount"":""1/2 tsp""},{""name"":""Oil"",""amount"":""2 tbsp""},{""name"":""Salt"",""amount"":""to taste""},{""name"":""Water"",""amount"":""1/2 cup""}]","[""Sauté onion and garlic in oil until fragrant."",""Stir in turmeric, then add pumpkin and salt."",""Add water, cover, and simmer 12–15 minutes until pumpkin softens."",""Add chickpeas and simmer 5 minutes more until glossy.""]"
Burmese Tamarind Noodle Salad,Myanmar,salad,4,20,0,Easy,290,,"Cool noodle salad dressed with tamarind-lime sauce, crunchy peanuts, and herbs.","[""dairy-free""]","[{""name"":""Rice noodles"",""amount"":""400 g""},{""name"":""Tamarind paste"",""amount"":""2 tbsp""},{""name"":""Lime juice"",""amount"":""2 tbsp""},{""name"":""Fish sauce (or soy sauce)"",""amount"":""1–2 tbsp""},{""name"":""Sugar"",""amount"":""1 tsp""},{""name"":""Roasted peanuts"",""amount"":""1/3 cup""},{""name"":""Cucumber"",""amount"":""1 cup, julienned""},{""name"":""Cilantro"",""amount"":""1 handful""},{""name"":""Fried garlic"",""amount"":""1 tbsp""}]","[""Cook noodles, rinse cold, and drain well."",""Whisk tamarind, lime, fish sauce (or soy), and sugar."",""Toss noodles with cucumber and dressing."",""Top with peanuts, cilantro, and fried garlic; serve chilled.""]"
Nga Pi Kyaw (Fried Ngapi Paste),Myanmar,dinner,4,10,10,Easy,180,,"Quick fried fermented fish paste with aromatics; eaten with rice and vegetables.","[""pescatarian"",""gluten-free""]","[{""name"":""Ngapi (fermented fish paste)"",""amount"":""2 tbsp""},{""name"":""Onion"",""amount"":""1/2 cup, minced""},{""name"":""Garlic"",""amount"":""3 cloves, minced""},{""name"":""Chili flakes"",""amount"":""1 tsp (optional)""},{""name"":""Oil"",""amount"":""2 tbsp""},{""name"":""Lime juice"",""amount"":""1 tsp""}]","[""Heat oil and sauté onion and garlic until golden."",""Add ngapi and stir-fry 2–3 minutes until fragrant."",""Add chili flakes if using."",""Finish with a splash of lime; serve with rice and veggies.""]"
Burmese Chickpea Tofu Soup (Shan Tofu Nway),Myanmar,lunch,4,15,20,Easy,260,,"Warm, silky chickpea tofu soup with garlic oil and herbs.","[""vegetarian"",""gluten-free""]","[{""name"":""Chickpea tofu (Shan tofu)"",""amount"":""400 g, sliced""},{""name"":""Vegetable stock or water"",""amount"":""1 L""},{""name"":""Garlic"",""amount"":""4 cloves, minced""},{""name"":""Oil"",""amount"":""2 tbsp""},{""name"":""Soy sauce"",""amount"":""1 tbsp""},{""name"":""White pepper"",""amount"":""1/2 tsp""},{""name"":""Scallions"",""amount"":""2, chopped""},{""name"":""Cilantro"",""amount"":""1 handful""}]","[""Fry garlic in oil until fragrant (don’t burn).",""Add stock and bring to a simmer."",""Add tofu slices and heat gently 5–7 minutes."",""Season with soy sauce and white pepper."",""Serve topped with scallions, cilantro, and garlic oil.""]"
Burmese Pickled Tea Leaf Rice (Laphet Htamin),Myanmar,lunch,4,15,0,Easy,320,,"Leftover rice tossed with pickled tea leaves, lime, and crunchy nuts.","[]","[{""name"":""Cooked rice (cooled)"",""amount"":""4 cups""},{""name"":""Fermented tea leaves (laphet)"",""amount"":""3–4 tbsp""},{""name"":""Lime juice"",""amount"":""2 tbsp""},{""name"":""Fish sauce (or soy sauce)"",""amount"":""1 tbsp""},{""name"":""Neutral oil"",""amount"":""1 tbsp""},{""name"":""Roasted peanuts"",""amount"":""1/3 cup""},{""name"":""Toasted sesame seeds"",""amount"":""1 tbsp""},{""name"":""Fried garlic"",""amount"":""1 tbsp""}]","[""Loosen tea leaves with oil and lime in a bowl."",""Add rice and toss until coated."",""Season with fish sauce (or soy)."",""Fold in peanuts, sesame, and fried garlic; serve.""]"
Burmese Coconut Fish Curry,Myanmar,dinner,4,15,25,Medium,420,,"Fish simmered in coconut milk with turmeric, onion, and gentle heat.","[""pescatarian"",""gluten-free""]","[{""name"":""Fish (firm white fish)"",""amount"":""600 g""},{""name"":""Coconut milk"",""amount"":""400 ml""},{""name"":""Onion"",""amount"":""1 medium, sliced""},{""name"":""Garlic"",""amount"":""4 cloves""},{""name"":""Ginger"",""amount"":""1 inch, minced""},{""name"":""Turmeric"",""amount"":""1/2 tsp""},{""name"":""Fish sauce"",""amount"":""1–2 tbsp""},{""name"":""Oil"",""amount"":""2 tbsp""},{""name"":""Water"",""amount"":""1/2 cup""}]","[""Sauté onion, garlic, and ginger in oil until fragrant."",""Add turmeric, then coconut milk and water; simmer 5 minutes."",""Add fish and simmer gently 10–12 minutes until cooked through."",""Season with fish sauce; serve with rice.""]"
Burmese Tomato & Pea Curry,Myanmar,dinner,4,15,20,Easy,300,,"Simple home-style curry of tomatoes and peas with garlic and turmeric.","[""vegan"",""gluten-free""]","[{""name"":""Tomatoes"",""amount"":""4 medium, chopped""},{""name"":""Green peas"",""amount"":""1 1/2 cups""},{""name"":""Garlic"",""amount"":""4 cloves, minced""},{""name"":""Onion"",""amount"":""1 medium, sliced""},{""name"":""Turmeric"",""amount"":""1/2 tsp""},{""name"":""Oil"",""amount"":""2 tbsp""},{""name"":""Salt"",""amount"":""to taste""}]","[""Sauté onion and garlic in oil until soft."",""Add turmeric and tomatoes; cook until tomatoes break down."",""Add peas and a splash of water; simmer 8–10 minutes."",""Season with salt and serve with rice.""]"
Burmese Lime Chili Cucumber Salad,Myanmar,salad,4,10,0,Easy,120,,"Crunchy cucumber salad with lime, chili, and toasted sesame.","[""vegan"",""gluten-free"",""spicy""]","[{""name"":""Cucumber"",""amount"":""3 cups, sliced""},{""name"":""Lime juice"",""amount"":""2 tbsp""},{""name"":""Salt"",""amount"":""1/2 tsp""},{""name"":""Sugar"",""amount"":""1 tsp""},{""name"":""Chili flakes"",""amount"":""to taste""},{""name"":""Sesame seeds"",""amount"":""1 tbsp""}]","[""Toss cucumber with salt and rest 5 minutes; drain lightly."",""Mix lime juice and sugar, then toss with cucumber."",""Add chili flakes and sesame seeds; serve.""]"
Mont Sein Paung (Burmese Sweet Semolina Pudding),Myanmar,dessert,6,15,25,Easy,360,,"Soft semolina pudding cooked with coconut milk and sugar, served warm or chilled.","[""vegetarian""]","[{""name"":""Semolina"",""amount"":""1 cup""},{""name"":""Coconut milk"",""amount"":""400 ml""},{""name"":""Water"",""amount"":""1 cup""},{""name"":""Sugar"",""amount"":""1/2 cup""},{""name"":""Salt"",""amount"":""pinch""}]","[""Bring coconut milk, water, sugar, and salt to a gentle simmer."",""Whisk in semolina slowly to avoid lumps."",""Cook, stirring, until thick and glossy (8–10 minutes).",""Pour into bowls and cool slightly before serving.""]"
Burmese Garlic Chicken Stir-Fry,Myanmar,dinner,4,15,15,Easy,410,,"Quick stir-fried chicken with lots of garlic, soy, and a squeeze of lime.","[""dairy-free""]","[{""name"":""Chicken thigh (sliced)"",""amount"":""500 g""},{""name"":""Garlic"",""amount"":""8 cloves, sliced""},{""name"":""Soy sauce"",""amount"":""2 tbsp""},{""name"":""Fish sauce (optional)"",""amount"":""1 tbsp""},{""name"":""Oil"",""amount"":""2 tbsp""},{""name"":""Lime"",""amount"":""1/2, juiced""},{""name"":""Black pepper"",""amount"":""1/2 tsp""}]","[""Heat oil and fry garlic until just golden."",""Add chicken and stir-fry until cooked through."",""Add soy (and fish sauce if using) and pepper; toss 1 minute."",""Finish with lime juice and serve with rice.""]"